ticker,record_id,source_file,date,et_timestamp,raw_text,historical_calls_count,prompt,analysis,q1,q2,q3,q4,q5,q6,q7,q8,q9,q10,q11,q12,q13,q14,q15,q16,q17,q18,q19,q20,q21,q22,q23,q24,q25,q26,q27,q28,q29,q30,q31,q32,q33,q34,q35,q36,q37,q38,q39,q40,q41,q42,q43,q44,q45,q46,q47,q48,q49,q50
A,,,,2018-05-14 16:30:00,,,,"The current earnings call presents a mixed picture when compared to historical performance and guidance. Overall revenue growth of 4.3% is in line with expectations, but it reflects a deceleration from the previous quarter's 9.7% growth. Segment-wise, the pharma business showed a strong 8% growth, which is a positive surprise, while chemical and energy revenues grew by 5%, a decline from the previous year's 14%. Margins remained robust, with an adjusted operating margin of 21.9%, but this is slightly lower than the previous quarter's 22.5%. Cash flow generation of $303 million is solid, but the anticipated impact of the Chinese government reorganization on future revenues introduces uncertainty. Customer growth appears stable, but the pause in U.S. chemical and energy markets raises concerns about competitive positioning amid trade policy uncertainties.

Management's forward-looking statements reflect a cautious optimism, but the credibility of these claims is tempered by the recent slowdown in growth. Historically, Agilent has demonstrated resilience in meeting guidance, but the current call indicates potential headwinds, particularly in the Chinese market and the impact of government reorganizations. The management's assertion of sustained growth momentum is supported by strong performance in pharma and ongoing investments in innovation, yet the anticipated revenue delays from the Chinese market could challenge this narrative. The company’s ability to navigate these challenges will be critical in maintaining investor confidence.

Key financial health indicators show a mixed performance compared to previous quarters. Revenue growth has slowed, and while adjusted EPS of $0.65 is an improvement from the prior year, it is below the high expectations set in the previous quarter. The adjusted operating margin has improved year-over-year but has dipped slightly from the previous quarter. Cash flow remains strong, but the anticipated impact of currency fluctuations and investments in new technologies like Lasergen and Genohm could pressure margins moving forward. Overall, while the company remains financially healthy, the growth trajectory appears less certain than in earlier quarters.

Strategically, the call highlighted several material initiatives, including the acquisitions of Advanced Analytical Technologies and Genohm, which are expected to enhance Agilent's capabilities in laboratory management and genomics. The announcement of the Lasergen acquisition also underscores Agilent's commitment to expanding its molecular diagnostics portfolio. However, the regulatory developments in China regarding food safety and environmental ministries pose significant challenges that could impact revenue growth in the near term. These strategic moves are essential for long-term growth but may not provide immediate relief from current market pressures.

The narrative and language quality of the call were generally clear and direct, with management providing detailed insights into performance and future expectations. However, there were moments of evasiveness, particularly regarding the impact of the Chinese government reorganization, where management was cautious in their projections. The tone remained optimistic, but the language used to describe the challenges ahead was more cautious than in previous calls, reflecting a shift in sentiment. Overall, while the call maintained a level of transparency, the consistency of terminology and the clarity of future guidance were somewhat diminished compared to past communications, indicating a need for careful monitoring of the evolving market landscape.",5,6,3,4,5,4,5,7,4,6,5,4,6,5,7,6,5,4,5,6,5,4,5,6,5,4,5,6,5,4,5,6,5,4,5,6,5,4,5,6,5,4,5,6,5,4,5,6,5,4
A,,,,2018-08-14 16:30:00,,,,"The current earnings call for Agilent Technologies reflects a generally positive surprise compared to historical guidance and past performance trends. Overall revenue growth of 6% exceeded the high end of guidance, indicating strong demand across segments. Specifically, the Pharma segment grew by 8%, while Chemical and Energy saw a remarkable 12% increase, both outperforming previous expectations. Margins also showed improvement, with an adjusted operating margin of 22.6%, marking a 110 basis point increase year-over-year. Costs appear to be well-managed, as the company navigated tariff impacts with minimal disruption. Cash flow remains robust, with significant capital returned to shareholders through buybacks and dividends. Customer growth is evident, particularly in China, where double-digit growth was reported, reinforcing Agilent's competitive positioning in key markets.

Management's forward-looking statements exhibit a credible track record, as Agilent has consistently met or exceeded guidance in recent quarters. The resilience in delivery is underscored by the company's ability to navigate macroeconomic uncertainties, such as tariff implications, without significant adverse effects on customer behavior or purchasing decisions. Management's claims of sustaining growth momentum are supported by strong order funnels and positive end-market conditions, particularly in Pharma and Chemical & Energy sectors. The proactive approach to managing supply chain impacts from tariffs further enhances the credibility of their outlook.

Key financial health indicators show marked improvement compared to previous quarters. Revenue growth of 6% on a core basis is a notable increase from earlier quarters, where growth was more modest. The adjusted operating margin of 22.6% reflects a continued trend of margin expansion, with a core operating margin incremental of 55%. EBITDA and net profit figures are also expected to rise, with EPS increasing to $0.67, a 14% year-over-year growth. Cash flow remains strong, with significant capital returned to shareholders, indicating a healthy balance sheet and operational efficiency.

Strategically, the call highlighted several material initiatives, including the completion of multiple acquisitions such as Genohm and Advanced Analytical Technologies, which enhance Agilent's capabilities in lab informatics and biomolecular analysis. The focus on expanding the CrossLab platform and enhancing product offerings, particularly in genomics and cell analysis, positions Agilent favorably in the competitive landscape. Additionally, management addressed macroeconomic factors, including tariff impacts, and outlined proactive measures to mitigate these challenges, reinforcing their strategic agility.

The narrative and language quality of the call were direct and transparent, with management providing clear answers during the Q&A session. There was a noticeable consistency in terminology and tone compared to past calls, which enhances the overall readability and credibility of the communication. Management's responses were concrete, addressing analyst concerns without evasiveness, and demonstrating a strong command of the company's strategic direction and operational performance. This level of transparency and clarity is likely to foster investor confidence and positively influence market response.",8,9,8,9,8,9,8,9,9,10,9,8,9,9,10,9,8,9,9,10,9,8,9,9,10,9,8,9,9,10,9,8,9,9,10,9,8,9,9,10,9,8,9,9,10,9,8,9,9,10
A,,,,2018-11-19 16:30:00,,,,"The current earnings call for Agilent Technologies Inc. presents a largely positive surprise compared to historical guidance and past performance trends. Overall revenue for Q4 2018 grew by 9% on a core basis, reaching $1.29 billion, which exceeded guidance by over $30 million. This growth is particularly notable in the Pharma segment, which saw a 14% increase, and the environmental forensics segment, which grew by 17%. Margins also improved significantly, with an adjusted operating margin of 25.2%, up 190 basis points year-over-year. The company demonstrated effective cost management, leading to a non-GAAP EPS of $0.81, a 21% increase from the previous year. Cash flow generation remained robust, with free cash flow exceeding $900 million for the year, indicating strong operational leverage and effective capital allocation. Customer growth was evident, particularly in China, which achieved a remarkable 16% growth in Q4, contributing to a milestone of over $1 billion in annual sales. Competitive positioning appears strong, with Agilent successfully integrating recent acquisitions and expanding its product offerings.

Management's forward-looking statements reflect a credible outlook, supported by a solid track record of meeting guidance and delivering on promises. The company has consistently demonstrated resilience in its delivery, with 2018 marking its highest annual growth rate since the launch of the new Agilent. The management's confidence in sustaining growth momentum is bolstered by positive end-market conditions and a diversified revenue stream, with non-instrument sales now comprising over 56% of total revenue. This diversification reduces reliance on capital equipment purchases, enhancing the company's ability to navigate potential economic challenges. The guidance for 2019 anticipates continued growth, albeit tempered by currency headwinds, which management has proactively addressed.

Key financial health indicators show significant improvement compared to previous quarters. Revenue growth of 7.1% for the full fiscal year is the highest since the company's transformation, with total reported revenues reaching $4.9 billion. The adjusted operating margin for the year increased to 23.1%, reflecting ongoing operational efficiencies and cost management initiatives. The increase in net profit to $2.79 per share, an 18% rise year-over-year, underscores the company's strong profitability trajectory. Cash flow metrics remain robust, with free cash flow generation supporting both shareholder returns and strategic investments. The balance sheet remains healthy, with a strong cash position and manageable debt levels, positioning Agilent well for future growth opportunities.

Material strategic initiatives discussed during the call include several key acquisitions, such as ACEA Biosciences and ProZyme, which enhance Agilent's capabilities in cell analysis and biopharma markets. The company also highlighted its commitment to innovation, with new product launches in mass spectrometry and chemical imaging. These initiatives are expected to drive future growth and strengthen Agilent's competitive position. Additionally, management addressed macroeconomic factors, including potential impacts from tariffs, while expressing confidence in the resilience of customer demand and market conditions. The proactive approach to managing these challenges reflects a strategic mindset focused on long-term growth.

The narrative and language quality of the call were generally strong, with management providing clear and direct answers during the Q&A session. There was a noticeable emphasis on transparency, particularly regarding the impact of currency fluctuations and the strategic rationale behind recent acquisitions. The tone remained optimistic and confident, with consistent terminology used throughout the call, reinforcing the company's commitment to growth and shareholder value. Management's responses were concrete and detailed, addressing analyst questions directly without evasiveness, which enhances credibility and trust with investors. Overall, the communication style aligns well with past calls, maintaining a focus on operational excellence and strategic growth initiatives.",9,8,8,9,9,8,9,10,9,9,9,8,9,9,10,9,8,9,9,9,9,9,8,9,9,10,9,9,9,9,9,10,9,9,9,9,10,9,9,9,9,9,9,9,10,9,9,9,9,10
A,,,,2019-02-20 16:30:00,,,,"The current earnings call for Agilent Technologies presents a mixed picture when compared to historical performance and guidance. Overall revenue of $1.28 billion reflects a 6.1% core growth, which, while exceeding guidance, is lower than the double-digit growth seen in previous quarters. Segment performance shows a notable divergence; the Agilent CrossLab and Diagnostics and Genomics Groups achieved double-digit growth, while the Life Sciences & Applied Markets Group (LSAG) only grew 1%, significantly below expectations. Margins improved to 23.1%, a positive trend, but the overall growth rate indicates a potential slowdown in certain segments. Cash flow remains strong, with free cash flow of $174 million, but the mixed performance across segments suggests a cautious outlook on customer growth and competitive positioning, particularly in the LSAG segment.

Management's forward-looking statements reflect a cautious optimism, with an increased full-year revenue guidance range of $5.15 billion to $5.19 billion. This is a positive sign, but the guidance still reflects a headwind from currency fluctuations and a conservative approach to growth expectations, particularly in the LSAG segment. The management's historical track record of meeting guidance adds credibility to their claims, but the recent performance in China and the impact of macroeconomic factors, such as trade discussions, introduce uncertainty. The management's emphasis on sustaining growth momentum through new product launches and strategic acquisitions, such as ACEA Biosciences, indicates a commitment to innovation and market expansion.

Key financial health indicators show a solid performance relative to previous quarters, with revenue growth of 6.1% and adjusted EPS of $0.76, up 15% year-over-year. Margins have improved, with operating margins at 23.1%, reflecting effective cost management and productivity improvements. However, the LSAG segment's underperformance raises concerns about the sustainability of this growth trajectory. The balance sheet remains strong, with $2.1 billion in cash and $1.8 billion in debt, providing flexibility for future investments and acquisitions. The overall financial performance suggests resilience, but the mixed segment results highlight areas that require attention.

Strategically, the call highlighted several material initiatives, including the acquisition of ACEA Biosciences, which enhances Agilent's capabilities in the fast-growing cell analysis market. New product launches, particularly in gas chromatography, are positioned to drive future growth. However, the management acknowledged challenges in the food business and the impact of the U.S.-China trade discussions on market conditions. These factors could influence customer sentiment and spending patterns, particularly in China, where growth rates have moderated. The focus on innovation and strategic acquisitions indicates a proactive approach to navigating these challenges.

The narrative and language quality of the call were generally clear and direct, with management providing detailed insights into segment performance and future expectations. However, there were moments of evasiveness, particularly regarding the challenges faced in the LSAG segment and the impact of macroeconomic factors. The tone remained optimistic, but the management's cautious language regarding growth expectations and market conditions suggests an awareness of potential headwinds. Overall, the consistency of terminology and clarity of communication were in line with past calls, but the mixed performance and cautious outlook may lead to a more skeptical market response.",6,7,5,4,5,6,7,8,5,6,7,6,8,7,6,5,6,7,5,6,7,8,6,7,8,7,6,5,6,7,8,7,6,5,6,7,8,7,6,5,6,7,8,7,6,5,6,7,8,7
A,,,,2019-05-14 16:30:00,,,,"The current earnings call presents a mixed picture when compared to historical performance and guidance. Overall revenue for Q2 2019 was reported at $1.24 billion, reflecting a core growth of 4%, which is a decline from the previous quarter's 6.1% growth. Segment performance varied significantly; while the Agilent CrossLab Group and Diagnostics and Genomics Group showed positive growth of 9% and 6% respectively, the Life Sciences and Applied Markets Group (LSAG) experienced a decline of 1%. This divergence is surprising, particularly given the historical trend of consistent growth across all segments. Margins remained stable, with operating margins at 21.9%, but the overall revenue shortfall and the decline in LSAG raise concerns about customer growth and competitive positioning, especially in the face of increased market headwinds.

Management's forward-looking statements reflect a cautious optimism, but the credibility of these claims is somewhat undermined by the recent performance. The company has revised its revenue growth outlook for the year down to 4-5%, which is a notable decrease from previous expectations. This adjustment indicates a more tempered view of market conditions, particularly in the LSAG segment, where management cited a slowdown in orders from big pharma and challenges in the Chinese market. While the company has a track record of meeting guidance, the recent softening in demand raises questions about its ability to sustain growth momentum, especially given the external pressures from trade uncertainties and regulatory changes.

Key financial health indicators show a decline in growth rates compared to previous quarters. Revenue growth has slowed from 6.1% in Q1 to 4% in Q2, and while operating margins improved slightly, the overall performance reflects a more cautious outlook. Cash flow for the quarter was reported at $213 million, which is a positive sign, but the overall sentiment is dampened by the reduced revenue guidance and the challenges faced in specific segments. The balance sheet remains strong, with $2.2 billion in cash, but the company’s ability to leverage this for growth may be constrained by the current market dynamics.

Strategically, the call highlighted several initiatives, including new product launches in gas chromatography and the introduction of the Agilent 6546 LC/MS Q-TOF system. However, the anticipated recovery in the food market and the impact of the Chinese government's pricing initiatives on small molecule pharma were significant concerns. The company also mentioned ongoing efforts to manage tariff impacts, which could further complicate its operational landscape. These strategic initiatives are crucial for maintaining competitive positioning, but their success is contingent on broader market recovery and customer demand.

The narrative and language quality of the call were generally clear, but there were moments of evasiveness, particularly when addressing the challenges in the LSAG segment. Management's responses during the Q&A reflected a degree of caution, especially regarding the outlook for small molecule pharma and the food market. While the tone was generally optimistic, the consistency of terminology and the directness of answers varied, which may lead to some investor skepticism. Overall, the call's readability and clarity were adequate, but the mixed signals regarding growth and market conditions could leave stakeholders questioning the company's trajectory moving forward.",4,5,3,4,3,5,6,7,4,5,5,6,4,5,3,4,5,6,4,5,6,5,4,5,6,5,4,5,6,5,4,5,6,5,4,5,6,5,4,5,6,5,4,5,6,5,4,5,6,5
A,,,,2019-08-14 16:30:00,,,,"The current earnings call for Agilent Technologies presents a mixed picture when compared to historical performance and guidance. Overall revenue of $1.27 billion reflects a 6% core growth, which is a positive surprise compared to the previous quarter's performance of 4% core growth. Segment-wise, the Agilent CrossLab Group (ACG) and Diagnostics and Genomics Group (DGG) showed strong double-digit growth, while the Life Sciences and Applied Markets Group (LSAG) remained flat, indicating a divergence in performance across segments. Margins improved, with operating margins at 22.8%, up 90 basis points year-over-year, which is a positive trend. However, the flat performance in LSAG raises concerns about customer growth in that segment. Cash flow generation remains robust, with $242 million in operating cash flow, indicating strong financial health. Competitive positioning appears solid, particularly in the biopharma and diagnostics markets, but challenges in the food and small molecule pharma sectors could impact future growth.

Management's forward-looking statements reflect a cautious optimism, supported by a history of meeting guidance. The company raised its full-year revenue and EPS guidance, which suggests confidence in sustaining growth momentum despite market uncertainties. The mention of the pending acquisition of BioTek indicates a strategic move to bolster their position in the cell analysis market, which aligns with their growth strategy. However, the management's acknowledgment of challenges in certain end markets, particularly in China, suggests a nuanced approach to future growth, indicating resilience in navigating market fluctuations.

Key financial health indicators show improvement compared to previous quarters. Revenue growth of 6.2% in Q3 is a notable increase from the 4% growth in Q2, and the EPS of $0.76 represents a 13% increase, exceeding guidance. Margins have expanded, reflecting effective cost management and operational efficiencies. The balance sheet remains strong, with a healthy cash position and active capital deployment strategies, including share buybacks and dividends. This financial performance indicates a robust operational framework, although the flat growth in LSAG could be a potential area of concern moving forward.

Strategically, the acquisition of BioTek is a significant initiative that could enhance Agilent's capabilities in the growing cell analysis market. The company also highlighted ongoing investments in new product launches, including advancements in gas chromatography and mass spectrometry, which are expected to drive future growth. Additionally, the management discussed macroeconomic factors, such as the impact of the 4+7 initiative in China, which has created both challenges and opportunities in the pharma sector. The focus on expanding their portfolio and addressing customer needs through innovation is a positive strategic direction.

The narrative and language quality of the call were generally clear and direct, with management providing detailed responses to questions. There was a noticeable emphasis on transparency regarding market challenges, particularly in the LSAG segment, which reflects a willingness to address potential concerns head-on. The tone remained optimistic, particularly regarding the company's growth strategies and operational improvements. However, some responses during the Q&A could be perceived as evasive, particularly when discussing the challenges in the food market and small molecule pharma. Overall, the consistency in terminology and clarity of communication aligns well with past calls, reinforcing the credibility of management's statements.",7,8,6,5,6,7,8,9,6,8,8,7,9,8,7,6,7,8,7,8,6,7,8,9,8,7,8,9,6,7,8,9,8,7,8,9,6,7,8,9,7,8,6,7,8,9,8,7,8,9
A,,,,2019-11-25 16:30:00,,,,"The current earnings call for Agilent Technologies presents a mixed picture when compared to historical performance and guidance. Overall revenue for Q4 2019 reached $1.37 billion, reflecting a 4% core growth, which is a deceleration from the 6% core growth reported in Q3 2019. Segment performance shows that the Agilent CrossLab Group (ACG) achieved a robust 10% growth, while the Diagnostics and Genomics Group (DGG) grew by 7%. However, the Life Sciences and Applied Markets Group (LSAG) experienced a decline of 2%, contrasting with previous quarters where growth was more consistent. Margins improved slightly, with operating margins at 25.1%, marking the 19th consecutive quarter of expansion, but the overall growth trajectory appears less aggressive than in prior periods. Cash flow generation was strong at $314 million, but the overall sentiment reflects a cautious outlook, particularly in light of the lower growth expectations for 2020.

Management's forward-looking statements indicate a commitment to sustaining growth momentum, with guidance for 2020 projecting revenue between $5.50 billion and $5.55 billion, which translates to core growth of 4% to 5%. This guidance is notably conservative compared to historical performance, suggesting a prudent approach in light of macroeconomic uncertainties. The management's track record of meeting guidance has been solid, but the current guidance reflects a more cautious stance, likely due to anticipated challenges in the LSAG segment and the broader market environment. The emphasis on resilience and adaptability in the face of economic pressures is a recurring theme, indicating management's awareness of the need for strategic agility.

Key financial health indicators show a slight decline in growth rates compared to previous quarters. Revenue growth of 4% in Q4 is lower than the 6% in Q3, and while EPS grew by 10% to $0.89, the overall growth rate is less aggressive than in earlier quarters. The operating margin of 25.1% is an improvement, but the overall financial performance reflects a cautious outlook, particularly with LSAG's decline. Cash flow remains strong, but the anticipated tax outflow in Q1 2020 may impact future cash generation. The balance sheet remains healthy, allowing for continued investment in growth initiatives, but the overall sentiment suggests a need for vigilance in managing costs and leveraging opportunities.

Strategically, the acquisition of BioTek is a significant event, marking Agilent's largest acquisition since 2015 and enhancing its capabilities in the high-growth cell analysis market. This acquisition, along with the earlier purchase of ACEA BioSciences, positions Agilent to capitalize on the growing demand in biopharma and academic research. The management also highlighted investments in new facilities and product launches, such as the oligo API manufacturing site in Colorado, which are expected to drive future growth. However, the discussion around the 4+7 initiative in China and its impact on the pharma market indicates potential headwinds that could affect performance in the near term.

The narrative and language quality of the call reflect a blend of optimism and caution. Management's responses during the Q&A session were generally direct, with a focus on transparency regarding challenges and opportunities. However, there were moments of evasiveness, particularly when discussing the potential impacts of macroeconomic factors on growth. The tone remained consistent with past calls, emphasizing Agilent's commitment to innovation and market leadership. The use of concrete examples, such as the performance of the PD-L1 business and the ramp-up of the Frederick facility, adds credibility to management's claims. Overall, while the call maintains a positive outlook, the cautious guidance and acknowledgment of market challenges suggest a need for careful monitoring of future performance.",5,6,4,5,4,5,6,7,5,6,7,6,8,7,6,5,6,7,5,6,5,6,7,6,5,6,7,6,5,6,6,7,5,6,7,6,5,6,7,6,5,6,7,6,5,6,7,6,5,6
A,,,,2019-12-04 08:30:00,,,,"The current earnings call presents a mixed picture when compared to historical performance and guidance. Overall revenue growth is projected at 5% for the fiscal year, which aligns with the previous year's performance but falls short of the higher growth expectations set during the last call. Segment performance shows stability in the pharma market, which is expected to grow in the high-single digits, but the chemical and energy segment is forecasted to remain flat, indicating a potential area of concern. Margins are stable, with operating margins expected to hold steady, but the lack of significant improvement in this area may be seen as disappointing. Cash flow generation remains robust, but the overall sentiment is tempered by the cautious outlook on customer growth in certain segments, particularly in China, where growth is anticipated to be mid-single digits.

Management's credibility appears to be intact, as they have historically met or exceeded guidance, particularly in the pharma and diagnostics segments. However, the cautious tone regarding the chemical and energy markets suggests a more conservative approach moving forward. The management's claims of sustaining growth momentum are supported by a strong product pipeline and ongoing investments in high-growth areas, but the emphasis on macroeconomic uncertainties may raise questions among investors about the sustainability of this growth. The delivery of the call was generally confident, but the acknowledgment of potential headwinds in certain markets could lead to skepticism regarding the company's ability to navigate these challenges.

Key financial health indicators show a stable performance compared to previous quarters. Revenue growth of 5% is consistent with the prior year, and margins are expected to remain stable, reflecting effective cost management. However, the lack of significant improvement in EBITDA and net profit growth may raise concerns about the company's ability to leverage its operational efficiencies fully. Cash flow generation remains strong, which is a positive sign for the company's financial health, but the overall balance sheet appears to be under pressure from ongoing investments and acquisitions, which could impact future liquidity.

Material strategic initiatives discussed include the ongoing transformation towards a solutions-oriented business model, with a focus on increasing recurring revenue streams. The management highlighted the importance of the new NASD facility coming online, which is expected to enhance capacity for RNA-based therapeutics. However, the cautious outlook on the chemical and energy segment, coupled with the ongoing geopolitical tensions, particularly in China, may pose challenges for the company. The management's commitment to investing in high-growth markets and the potential for future acquisitions were also emphasized, indicating a proactive approach to navigating the current market landscape.

The narrative and language quality of the call were generally clear and direct, with management providing detailed responses to questions. However, there were moments of evasiveness, particularly regarding the specifics of the chemical and energy market outlook, which may leave some investors wanting more clarity. The tone remained optimistic, but the acknowledgment of macroeconomic uncertainties introduced a slight shift in sentiment compared to previous calls, where the focus was more on growth opportunities. Overall, the consistency of terminology and the clarity of the message were maintained, but the cautious outlook may lead to a more tempered market response than in past earnings calls.",5,4,3,4,3,5,5,6,4,5,7,6,8,7,6,5,6,7,5,6,5,4,6,5,6,7,5,6,5,6,6,5,7,6,5,6,5,4,6,5,5,6,5,4,6,5,6,5,6,5
A,,,,2019-12-05 08:00:00,,,,"The current earnings call presents a mixed picture when compared to historical performance and guidance. Overall revenue growth appears to be in line with expectations, with the company reporting a solid finish to FY 2019. The CrossLab Group's 10% core growth is particularly noteworthy, reflecting a positive trend compared to previous quarters. However, the Diagnostics and Genomics Group (DGG) showed a more modest performance, with growth driven by specific segments like NASD, while the LSAG segment faced challenges. Margins have improved, with operating profit in the ACG business reaching 28%, indicating effective cost management. Cash flow generation remains robust, but the company is cautious about future growth in certain segments, particularly food and chemical markets, which could temper overall performance expectations.

Management's forward-looking statements exhibit a cautious optimism, reflecting a prudent approach to guidance. The company has a history of meeting or exceeding its guidance, which lends credibility to its claims of sustaining growth momentum. However, the acknowledgment of potential headwinds in the food and chemical markets suggests a more conservative outlook for FY 2020. The management's emphasis on building backlog and order momentum indicates resilience, but the cautious tone regarding specific segments may lead to market skepticism about the sustainability of growth rates.

Key financial health indicators show a stable performance compared to previous quarters. Revenue for Q4 came in above expectations, and the company reported a core growth of 10% for the CrossLab Group. Margins have expanded, with operating profit in the ACG business at 28%, reflecting effective cost management strategies. Cash flow generation remains strong, with the company maintaining a healthy balance sheet. However, the LSAG segment's decline raises concerns about the overall growth trajectory, particularly as it has historically been a significant contributor to revenue.

Strategically, the company has made significant moves, including the acquisition of BioTek, which is expected to enhance its capabilities in cell analysis. This acquisition aligns with Agilent's focus on high-growth markets and reflects a commitment to expanding its product portfolio. Additionally, the management discussed ongoing investments in automation and smart solutions, which are expected to drive future growth. Regulatory developments, particularly in the Chinese market, were also highlighted, indicating a potential shift in dynamics that could impact revenue streams.

The narrative and language quality of the call were generally clear and direct, with management providing detailed responses to questions. There was a noticeable emphasis on transparency regarding challenges in specific segments, which contrasts with more optimistic tones in past calls. The Q&A session demonstrated a willingness to address concerns, although some responses were somewhat evasive when discussing the potential impact of regulatory changes and market dynamics. Overall, the tone was consistent with previous calls, but the cautious language regarding future growth may lead to a more tempered market response.",5,6,4,5,4,7,6,8,5,6,7,6,8,7,6,5,6,7,5,6,6,7,5,6,7,8,6,7,5,6,7,8,6,7,5,6,7,8,6,7,5,6,7,8,6,7,5,6,7,8
A,,,,2020-01-14 17:30:00,,,,"The current earnings call presents a mixed bag of surprises when compared to historical guidance and performance trends. On the revenue front, Agilent's guidance for FY20 indicates a reported growth of 6.5% to 7.5% and core growth of 4% to 5%, which aligns with the previous year's performance of 5% core growth. However, the anticipated revenue of $5.5 billion to $5.55 billion suggests a cautious approach, especially given the backdrop of a strong 2019 where EPS grew by 11%. Margins are expected to expand, but the emphasis on operational excellence amidst trade tariff challenges indicates a potential strain on costs. The management's focus on non-instrument revenue, now over 58%, suggests a strategic pivot that could enhance leverage and cash flow stability, although customer growth in specific segments like biopharma remains a critical area to monitor. Competitive positioning appears robust, with Agilent leveraging its strengths in high-growth markets, but the cautious guidance may signal underlying uncertainties.

Management's credibility is bolstered by a track record of meeting guidance, as evidenced by the consistent EPS growth of 16% CAGR over the past several years. The current call emphasizes a commitment to sustaining growth momentum through strategic investments and operational improvements. However, the cautious tone regarding specific segments, particularly in biopharma and diagnostics, raises questions about the resilience of this growth. The management's narrative around transforming the analytical lab and expanding into biopharma markets is compelling, yet the emphasis on economic buyers and lab efficiency suggests a shift in customer dynamics that may require careful navigation.

Key financial health indicators show a stable trajectory, with operating margins up 80 basis points in 2019 despite external challenges. The anticipated EPS growth of 9% to 10% for FY20 reflects a commitment to shareholder value, yet the guidance appears conservative compared to the previous year's performance. The focus on cash flow generation and capital deployment, including M&A and shareholder returns, indicates a balanced approach to financial management. However, the reliance on non-instrument revenue and the potential impact of macroeconomic factors, such as trade tariffs, could influence future performance.

Strategic initiatives discussed in the call highlight Agilent's focus on expanding its presence in high-growth markets, particularly biopharma and diagnostics. The emphasis on new product innovations and the development of a cell analysis business underscores a commitment to enhancing competitive positioning. Additionally, the management's discussion of geographic penetration strategies, particularly in China, reflects an awareness of market dynamics and regulatory changes that could impact growth. However, the cautious outlook on specific segments, such as food testing in China, suggests that external factors may pose challenges to achieving the desired growth trajectory.

The narrative quality of the current call is generally strong, with management providing clear insights into the company's strategic direction and growth initiatives. However, there are moments of evasiveness, particularly when addressing potential risks and uncertainties in specific markets. The tone remains optimistic, yet the language used to describe growth opportunities is tempered by a recognition of the challenges ahead. Overall, the consistency of terminology and clarity of communication align well with past calls, although the cautious guidance may leave some investors seeking more concrete assurances regarding future performance.",5,6,4,5,4,3,5,6,4,5,8,7,8,7,6,5,6,7,5,6,6,7,5,6,7,8,6,7,5,6,7,8,6,7,5,6,7,8,6,7,5,6,7,8,6,7,5,6,7,8
A,,,,2020-02-18 16:30:00,,,,"The current earnings call presents a mixed picture when compared to historical performance and guidance. Overall revenue for Q1 2020 was reported at $1.36 billion, reflecting a 5.7% increase year-over-year, which is a positive surprise, albeit lower than the historical growth rates seen in previous quarters. Segment performance showed growth across all regions, with biopharma and environmental markets leading, but the core revenue growth of 2.4% indicates a slowdown compared to the double-digit growth rates previously reported. Margins were slightly down, with operating margins at 22.9%, a decrease from 23.1% in the prior year, suggesting some pressure on profitability. The impact of the Coronavirus outbreak was a significant factor, leading to a reduction in expected revenue and operational disruptions, which may have negatively surprised investors. Cash flow was an outflow of $59 million, primarily due to a one-time tax payment, which raises concerns about liquidity in the short term. Customer growth remains strong, particularly in biopharma, but the overall sentiment is tempered by the uncertainty surrounding the pandemic's impact on future performance.

Management's forward-looking statements reflect a cautious optimism, maintaining full-year guidance despite the challenges posed by the Coronavirus. Historically, Agilent has demonstrated resilience in meeting its guidance, which lends credibility to their current outlook. However, the acknowledgment of potential revenue impacts due to the pandemic introduces a level of uncertainty that could affect investor confidence. The management's claims of sustaining growth momentum are supported by their diversified portfolio and strategic investments in high-growth markets, but the actual realization of these growth prospects will depend on the recovery trajectory in China and the broader global market.

Key financial health indicators show a divergence from previous quarters. Revenue growth has slowed, and while EPS increased by 7% to $0.81, the core growth of 2.4% is a stark contrast to the double-digit growth seen in prior periods. The gross margin decline of 120 basis points indicates challenges in maintaining profitability, likely exacerbated by the costs associated with new facility startups and product mix. The balance sheet remains strong, with a net leverage ratio of 0.9 times, but the cash flow outflow raises questions about operational efficiency and capital management in the face of unexpected expenses.

Strategically, the call highlighted significant initiatives, including the acquisition of BioTek, which is expected to enhance Agilent's capabilities in the cell analysis market. This acquisition aligns with their focus on high-growth areas and reflects a commitment to expanding their product offerings. Additionally, the management's proactive response to the Coronavirus, including donations to support research efforts, positions the company favorably in terms of corporate responsibility. However, the ongoing pandemic remains a macroeconomic factor that could hinder growth, particularly in China, where operational disruptions have been pronounced.

The narrative and language quality of the call were generally clear and direct, with management addressing questions about the Coronavirus impact and operational adjustments transparently. There was a noticeable effort to maintain a positive tone, emphasizing resilience and long-term growth potential. However, some responses during the Q&A session appeared somewhat evasive, particularly regarding the extent of the pandemic's impact on future performance. The consistency of terminology and messaging was maintained throughout the call, but the shift in tone when discussing challenges versus opportunities may have raised concerns among analysts about the company's ability to navigate the current environment effectively. Overall, while the call provided valuable insights, the mixed signals regarding growth and operational challenges could lead to a cautious market response.",6,4,3,5,7,2,4,1,6,5,8,6,7,5,6,4,5,3,7,6,5,4,6,7,5,8,6,4,5,7,6,5,4,3,6,5,7,6,5,4,6,5,7,6,5,4,6,5,7,6
A,,,,2020-05-21 16:30:00,,,,"The current earnings call presents a mixed picture when compared to historical performance and guidance. Overall revenue for Q2 2020 was reported at $1.24 billion, which is flat year-over-year and reflects a decline of approximately 1.7% on a core basis. This contrasts with the previous quarter's growth of 5.7% in Q1 2020, indicating a significant slowdown. Segment performance varied, with the Diagnostics and Genomics Group (DGG) achieving 5% growth, while the Life Sciences and Applied Markets Group (LSAG) declined by 7%. Margins improved slightly to 22.4%, but this is overshadowed by the decline in revenue. Cost management efforts were evident, but the overall leverage remained stable with a net leverage ratio of 0.9 times. Cash flow improved to $313 million, reflecting a proactive approach to liquidity management. Customer growth was notably strong in China, which grew 4%, but the overall sentiment is tempered by declines in other regions, particularly in academia and chemical and energy markets. Competitive positioning remains robust, but the current environment raises concerns about sustaining momentum.
